{
  "project_info": {
    "project_number": "483962148684",
    "project_id": "fir-auth-7510f",
    "storage_bucket": "fir-auth-7510f.appspot.com"
  },
  "client": [
    {
      "client_info": {
        "mobilesdk_app_id": "1:483962148684:android:b5119693ebb48a337b21e9",
        "android_client_info": {
          "package_name": "com.example.minggu11"
        }
      },
      "oauth_client": [
        {
          "client_id": "483962148684-hfpm3dro68li55i75530hg597r2lgcmu.apps.googleusercontent.com",
          "client_type": 3
        }
      ],
      "api_key": [
        {
          "current_key": "AIzaSyBJytiFoYmNkHCxXwBb4YHolTeyrNI8P7M"
        }
      ],
      "services": {
        "appinvite_service": {
          "other_platform_oauth_client": [
            {
              "client_id": "483962148684-hfpm3dro68li55i75530hg597r2lgcmu.apps.googleusercontent.com",
              "client_type": 3
            }
          ]
        }
      }
    }
  ],
  "configuration_version": "1"
}